<?xml version="1.0" encoding="UTF-8"?>
<project-private xmlns="http://www.netbeans.org/ns/project-private/1">
    <editor-bookmarks xmlns="http://www.netbeans.org/ns/editor-bookmarks/2" lastBookmarkId="0"/>
    <open-files xmlns="http://www.netbeans.org/ns/projectui-open-files/2">
        <group>
            <file>file:/D:/fremework1/frames1_2020-master/src/java/br/com/jsfinicio/repository/ProfessorRepository.java</file>
            <file>file:/D:/fremework1/frames1_2020-master/web/views/professor/cadastrarProfessor.xhtml</file>
            <file>file:/D:/fremework1/frames1_2020-master/src/java/br/com/jsfinicio/model/ProfessorModel.java</file>
            <file>file:/D:/fremework1/frames1_2020-master/src/java/converter/StringerConverter.java</file>
            <file>file:/D:/fremework1/frames1_2020-master/web/views/professor/buscarProfessor.xhtml</file>
            <file>file:/D:/fremework1/frames1_2020-master/src/java/br/com/jsfinicio/controller/ProfessorController.java</file>
        </group>
    </open-files>
</project-private>
